duration,protocol_type,service,flag,src_bytes,dst_bytes,count,srv_count,same_srv_rate,diff_srv_rate,dst_host_count,dst_host_srv_count,serror_rate,logged_in,num_compromised,binary_label,label_encoded
0,1,40,4,0,0,214,6,0.03,0.07,255,5,1.0,0,0,attack,0
0,1,3,4,0,0,148,6,0.04,0.07,255,6,1.0,0,0,attack,0
0,1,20,7,250,379,7,7,1.0,0.0,255,255,0.0,1,0,normal,1
0,0,13,7,1032,0,511,511,1.0,0.0,255,114,0.0,0,0,attack,0
0,2,10,7,44,110,43,123,1.0,0.0,245,191,0.0,0,0,normal,1
0,0,13,7,520,0,324,324,1.0,0.0,255,255,0.0,0,0,attack,0
4823,2,37,7,147,105,8,2,0.25,0.5,255,2,0.0,0,0,normal,1
0,1,35,4,0,0,135,20,0.15,0.07,255,20,1.0,0,0,attack,0
0,1,40,4,0,0,125,11,0.09,0.06,255,13,1.0,0,0,attack,0
0,1,40,0,0,0,102,3,0.03,0.07,255,1,0.0,0,0,attack,0
0,1,20,7,233,1553,1,1,1.0,0.0,1,255,0.0,1,0,normal,1
0,1,20,7,208,751,2,8,1.0,0.0,96,255,0.0,1,0,normal,1
0,1,49,1,0,0,77,6,0.08,0.08,255,6,0.0,0,0,attack,0
0,1,18,7,4539,0,21,21,1.0,0.0,255,112,0.0,0,0,normal,1
0,1,18,7,7196,0,10,10,1.0,0.0,186,53,0.0,1,0,normal,1
0,1,41,7,767,335,1,1,1.0,0.0,208,105,0.0,1,0,normal,1
0,1,20,7,248,2504,14,14,1.0,0.0,91,255,0.0,1,0,normal,1
0,1,20,7,221,1109,9,9,1.0,0.0,255,255,0.0,1,0,normal,1
0,1,44,0,0,0,206,2,0.01,0.08,255,2,0.0,0,0,attack,0
0,1,33,4,0,0,259,7,0.03,0.05,255,14,1.0,0,0,attack,0
22681,1,40,3,1,0,2,2,1.0,0.0,255,2,0.0,0,0,attack,0
0,1,49,4,0,0,142,12,0.08,0.06,255,5,1.0,0,0,attack,0
0,1,26,4,0,0,129,1,0.01,0.06,255,19,1.0,0,0,attack,0
0,1,40,0,0,0,133,19,0.14,0.06,255,7,0.0,0,0,attack,0
0,1,20,7,296,422,1,2,1.0,0.0,255,255,0.0,1,0,normal,1
0,1,20,7,196,2531,8,8,1.0,0.0,132,132,0.0,1,0,normal,1
0,2,37,7,147,0,3,1,0.33,0.67,255,4,0.0,0,0,normal,1
0,1,20,4,0,0,65,18,0.28,0.06,255,59,1.0,0,0,attack,0
0,1,37,0,0,0,354,1,0.0,1.0,255,1,0.09,0,0,attack,0
0,1,44,4,0,0,121,12,0.1,0.07,255,1,1.0,0,0,attack,0
2,1,18,7,2194619,0,1,1,1.0,0.0,135,85,0.0,0,0,normal,1
0,1,20,7,216,10861,20,36,1.0,0.0,20,255,0.0,1,0,normal,1
0,1,5,4,0,0,198,20,0.1,0.06,255,20,1.0,0,0,attack,0
0,1,20,7,202,274,24,24,1.0,0.0,209,255,0.0,1,0,normal,1
0,2,37,7,113,0,31,30,0.97,0.06,255,30,0.0,0,0,normal,1
0,2,10,7,43,130,311,310,1.0,0.01,255,226,0.0,0,0,normal,1
0,1,27,0,0,0,246,20,0.08,0.07,255,20,0.0,0,0,attack,0
0,1,20,7,219,3313,1,1,1.0,0.0,255,255,0.0,1,0,normal,1
0,1,40,4,0,0,41,4,0.1,0.12,255,16,1.0,0,0,attack,0
0,1,40,4,0,0,293,11,0.04,0.05,255,7,1.0,0,0,attack,0
0,1,20,7,315,471,12,12,1.0,0.0,255,255,0.0,1,0,normal,1
0,1,20,7,241,2017,7,7,1.0,0.0,255,255,0.0,1,0,normal,1
0,0,48,7,78,0,31,1,0.03,0.06,255,19,0.0,0,0,normal,1
0,1,41,1,0,0,1,1,1.0,0.0,167,149,0.0,0,0,normal,1
0,1,20,3,43232,7300,6,6,1.0,0.0,255,255,0.0,1,0,attack,0
0,1,40,0,0,0,99,1,0.01,1.0,224,1,0.01,0,0,attack,0
0,1,40,4,0,0,100,14,0.14,0.06,255,5,1.0,0,0,attack,0
0,1,37,0,0,0,511,1,0.0,1.0,255,1,0.13,0,0,attack,0
0,1,40,4,0,0,142,13,0.09,0.06,255,9,1.0,0,0,attack,0
0,1,50,4,0,0,250,2,0.01,0.06,255,18,1.0,0,0,attack,0
0,1,20,7,212,835,17,17,1.0,0.0,17,255,0.0,1,0,normal,1
29,2,10,7,27,27,1,3,1.0,0.0,4,2,0.0,0,0,normal,1
0,0,12,7,8,0,1,22,1.0,0.0,3,155,0.0,0,0,attack,0
0,1,41,7,1007,335,2,1,0.5,1.0,145,122,0.0,1,0,normal,1
0,1,18,7,383,0,2,2,1.0,0.0,237,57,0.0,1,0,normal,1
0,1,20,7,218,458,10,10,1.0,0.0,255,255,0.0,1,0,normal,1
0,1,24,4,0,0,140,2,0.01,0.06,255,1,1.0,0,0,attack,0
0,1,20,7,262,531,8,45,1.0,0.0,255,255,0.0,1,0,normal,1
0,1,20,7,246,1465,15,17,1.0,0.0,31,255,0.0,1,0,normal,1
0,1,20,7,339,552,5,5,1.0,0.0,253,255,0.0,1,0,normal,1
0,1,40,3,0,0,1,1,1.0,0.0,231,1,0.0,0,0,attack,0
0,0,12,7,8,0,1,45,1.0,0.0,2,130,0.0,0,0,attack,0
0,1,27,0,0,0,271,7,0.03,0.06,255,7,0.0,0,0,attack,0
0,1,20,0,0,0,1,1,1.0,0.0,34,255,0.0,0,0,normal,1
0,1,20,7,210,626,4,4,1.0,0.0,255,255,0.0,1,0,normal,1
0,1,40,4,0,0,118,15,0.13,0.06,255,19,1.0,0,0,attack,0
0,1,41,7,2582,333,1,1,1.0,0.0,20,160,0.0,1,0,normal,1
0,1,40,0,0,0,201,4,0.02,0.08,255,4,0.0,0,0,attack,0
0,1,20,7,220,454,12,12,1.0,0.0,224,255,0.08,1,0,normal,1
0,1,20,7,212,3426,17,52,1.0,0.0,43,255,0.0,1,0,normal,1
0,1,35,4,0,0,18,8,0.44,0.28,255,8,1.0,0,0,attack,0
0,1,20,7,206,334,55,55,1.0,0.0,56,255,0.0,1,0,normal,1
0,0,13,7,1032,0,511,511,1.0,0.0,255,59,0.0,0,0,attack,0
0,1,20,7,317,1711,9,29,1.0,0.0,36,255,0.0,1,0,normal,1
0,1,18,7,854,0,2,2,1.0,0.0,109,142,0.0,1,0,normal,1
0,1,41,7,1447,334,1,1,1.0,0.0,133,92,0.0,1,0,normal,1
0,1,41,7,1318,335,1,1,1.0,0.0,17,164,0.0,1,0,normal,1
0,1,40,4,0,0,54,17,0.31,0.07,255,17,1.0,0,0,attack,0
0,1,40,4,0,0,114,5,0.04,0.07,255,5,1.0,0,0,attack,0
1,1,40,2,0,0,149,2,0.01,0.38,255,2,0.7,0,0,attack,0
0,1,1,4,0,0,201,1,0.0,0.06,255,6,1.0,0,0,attack,0
0,1,20,7,331,2662,1,3,1.0,0.0,55,255,0.0,1,0,normal,1
0,1,18,7,59,0,1,1,1.0,0.0,196,95,0.0,1,0,normal,1
0,1,20,7,278,6608,9,9,1.0,0.0,255,255,0.0,1,0,normal,1
0,1,2,4,0,0,114,14,0.12,0.06,255,14,1.0,0,0,attack,0
0,1,40,4,0,0,228,18,0.08,0.06,255,5,1.0,0,0,attack,0
0,1,40,4,0,0,268,11,0.04,0.06,255,17,1.0,0,0,attack,0
0,1,41,7,1520,283,1,1,1.0,0.0,128,107,0.0,1,0,normal,1
0,1,20,7,223,290,40,45,1.0,0.0,255,255,0.0,1,0,normal,1
388,1,0,7,21945520,98084,1,1,1.0,0.0,255,29,0.0,1,0,normal,1
0,1,50,4,0,0,104,1,0.01,0.08,255,1,1.0,0,0,attack,0
0,1,37,0,0,0,477,1,0.0,1.0,255,1,0.07,0,0,attack,0
0,1,2,7,10,38,1,1,1.0,0.0,2,2,0.0,1,0,normal,1
0,1,20,7,310,568,10,12,1.0,0.0,55,255,0.0,1,0,normal,1
0,1,40,4,0,0,117,15,0.13,0.07,255,5,1.0,0,0,attack,0
0,1,40,4,0,0,212,3,0.01,0.07,255,17,1.0,0,0,attack,0
0,1,20,7,54540,8314,3,3,1.0,0.0,100,100,0.0,1,1,attack,0
0,1,40,4,0,0,55,15,0.27,0.05,255,3,1.0,0,0,attack,0
0,2,10,7,45,110,1,2,1.0,0.0,255,235,0.0,0,0,normal,1
0,2,40,7,1,0,7,3,0.43,0.29,255,3,0.0,0,0,attack,0
0,1,20,7,203,930,13,13,1.0,0.0,255,255,0.0,1,0,normal,1
0,1,9,4,0,0,237,20,0.08,0.07,255,16,1.0,0,0,attack,0
0,1,20,7,292,188,3,3,1.0,0.0,255,255,0.33,1,0,normal,1
0,1,20,7,291,1314,13,18,1.0,0.0,255,255,0.0,1,0,normal,1
0,2,10,7,71,46,127,127,1.0,0.0,255,166,0.0,0,0,normal,1
0,1,20,7,325,2554,18,18,1.0,0.0,58,255,0.0,1,0,normal,1
1,1,41,7,795,330,1,2,1.0,0.0,190,127,0.0,1,0,normal,1
0,1,40,4,0,0,121,11,0.09,0.07,255,19,1.0,0,0,attack,0
0,1,20,7,301,23863,3,3,1.0,0.0,73,255,0.0,1,0,normal,1
0,1,20,7,294,313,40,40,1.0,0.0,255,255,0.0,1,0,normal,1
0,1,3,4,0,0,219,2,0.01,0.06,255,19,1.0,0,0,attack,0
0,1,40,0,0,0,144,1,0.01,1.0,255,1,0.06,0,0,attack,0
0,1,20,0,0,0,1,2,1.0,0.0,1,255,0.0,0,0,normal,1
0,1,20,7,204,314,2,2,1.0,0.0,76,255,0.0,1,0,normal,1
0,1,37,0,0,0,373,1,0.0,1.0,255,1,0.06,0,0,attack,0
0,1,20,0,0,0,1,1,1.0,0.0,5,22,0.0,0,0,normal,1
0,1,4,4,0,0,126,4,0.03,0.06,255,16,1.0,0,0,attack,0
0,0,12,7,8,0,1,14,1.0,0.0,2,168,0.0,0,0,attack,0
0,1,20,7,246,1403,25,25,1.0,0.0,255,255,0.0,1,0,normal,1
0,1,20,0,0,0,1,1,1.0,0.0,1,80,0.0,0,0,normal,1
0,1,20,7,317,394616,1,1,1.0,0.0,23,255,0.0,1,0,normal,1
0,1,18,7,245,0,2,2,1.0,0.0,9,2,0.0,0,0,normal,1
0,2,10,7,30,0,2,2,0.5,1.0,102,10,0.0,0,0,normal,1
0,1,50,0,0,0,262,20,0.08,0.06,255,20,0.0,0,0,attack,0
0,2,10,7,45,111,312,312,1.0,0.0,255,251,0.0,0,0,normal,1
0,1,18,7,13239,0,3,3,1.0,0.0,228,134,0.0,1,0,normal,1
0,1,40,4,0,0,203,2,0.01,0.06,255,19,1.0,0,0,attack,0
0,1,20,7,242,3102,11,11,1.0,0.0,11,255,0.0,1,0,normal,1
279,1,20,7,232,260,7,7,1.0,0.0,255,243,0.0,1,0,normal,1
0,1,20,0,0,0,223,9,0.04,0.07,255,9,0.0,0,0,attack,0
0,0,13,7,520,0,451,451,1.0,0.0,204,204,0.0,0,0,attack,0
0,1,20,7,216,944,2,2,1.0,0.0,68,255,0.0,1,0,normal,1
0,1,20,7,364,6914,13,13,1.0,0.0,255,255,0.0,1,0,normal,1
0,1,46,4,0,0,23,2,0.09,0.13,255,4,0.96,0,0,attack,0
0,1,18,7,203,0,2,2,1.0,0.0,7,4,0.0,0,0,normal,1
0,1,14,4,0,0,133,18,0.14,0.05,255,18,1.0,0,0,attack,0
0,0,12,7,18,0,1,1,1.0,0.0,1,49,0.0,0,0,attack,0
0,2,10,7,44,124,115,195,1.0,0.0,255,254,0.0,0,0,normal,1
0,1,40,4,0,0,240,4,0.02,0.06,255,9,1.0,0,0,attack,0
0,1,44,4,0,0,270,18,0.07,0.05,255,18,1.0,0,0,attack,0
0,1,20,7,181,1724,2,2,1.0,0.0,10,2,0.0,1,0,normal,1
0,1,37,0,0,0,439,1,0.0,1.0,255,1,0.08,0,0,attack,0
0,1,25,4,0,0,73,12,0.16,0.05,255,12,1.0,0,0,attack,0
0,1,20,7,329,445,12,12,1.0,0.0,12,255,0.0,1,0,normal,1
0,0,48,7,182,0,2,1,0.5,1.0,255,20,0.0,0,0,normal,1
0,0,12,7,8,0,1,49,1.0,0.0,1,149,0.0,0,0,attack,0
0,0,48,7,78,0,30,3,0.1,0.07,255,19,0.0,0,0,normal,1
0,1,20,7,199,2444,2,2,1.0,0.0,11,255,0.0,1,0,normal,1
0,2,40,7,28,0,1,1,1.0,0.0,204,1,0.0,0,0,attack,0
22376,1,40,3,1,0,2,2,1.0,0.0,255,2,0.0,0,0,attack,0
0,1,32,4,0,0,234,2,0.01,0.07,255,2,1.0,0,0,attack,0
0,2,10,7,30,90,1,1,1.0,0.0,45,197,0.0,0,0,normal,1
0,1,40,4,0,0,111,8,0.07,0.06,255,15,1.0,0,0,attack,0
0,1,46,1,126,179,2,2,1.0,0.0,19,19,0.0,0,0,attack,0
0,1,40,4,0,0,2,1,0.5,1.0,255,1,0.5,0,0,attack,0
0,2,40,7,1,0,8,8,1.0,0.0,255,8,0.0,0,0,attack,0
0,1,40,4,0,0,119,6,0.05,0.07,255,1,0.99,0,0,attack,0
0,1,40,4,0,0,101,17,0.17,0.07,255,17,1.0,0,0,attack,0
0,1,40,4,0,0,224,17,0.08,0.06,255,5,1.0,0,0,attack,0
0,1,3,4,0,0,202,8,0.04,0.07,255,7,1.0,0,0,attack,0
0,1,20,7,291,321,32,48,1.0,0.0,255,255,0.0,1,0,normal,1
0,1,40,4,0,0,100,10,0.1,0.07,255,10,1.0,0,0,attack,0
0,2,10,7,43,67,242,247,1.0,0.0,255,254,0.0,0,0,normal,1
0,1,20,7,210,1630,4,42,1.0,0.0,255,255,0.0,1,0,normal,1
13368,1,46,7,2987,58843,1,1,1.0,0.0,127,11,0.0,1,2,normal,1
0,1,20,7,155,443,1,6,1.0,0.0,137,137,0.0,1,0,normal,1
0,1,20,7,204,700,4,4,1.0,0.0,161,255,0.0,1,0,normal,1
0,1,20,7,270,488,1,2,1.0,0.0,37,211,0.0,1,0,normal,1
0,1,18,7,383,0,1,1,1.0,0.0,104,29,0.0,0,0,normal,1
0,1,33,4,0,0,276,15,0.05,0.06,255,6,1.0,0,0,attack,0
10007,1,46,7,615,31623,1,1,1.0,0.0,77,20,0.0,1,0,normal,1
0,2,40,7,1,0,70,43,0.61,0.06,255,107,0.0,0,0,attack,0
0,2,10,7,45,74,242,246,1.0,0.0,255,219,0.0,0,0,normal,1
0,1,20,7,317,1660,4,4,1.0,0.0,255,255,0.0,1,0,normal,1
0,1,20,7,154,12990,2,2,1.0,0.0,83,255,0.0,1,0,normal,1
0,1,40,0,0,0,133,18,0.14,0.06,108,18,0.0,0,0,attack,0
0,2,37,7,516,4,215,215,1.0,0.0,215,215,0.0,0,0,normal,1
0,1,15,4,0,0,58,14,0.24,0.07,255,14,1.0,0,0,attack,0
0,1,46,4,0,0,66,15,0.23,0.06,146,36,1.0,0,0,attack,0
0,1,40,4,0,0,31,5,0.16,0.19,255,6,1.0,0,0,attack,0
14218,1,37,3,1,0,2,2,1.0,0.0,255,2,0.0,0,0,attack,0
0,1,34,0,0,0,64,3,0.05,0.09,255,3,0.0,0,0,attack,0
0,1,20,7,259,861,37,38,1.0,0.0,221,255,0.0,1,0,normal,1
0,1,52,4,0,0,251,16,0.06,0.06,255,16,1.0,0,0,attack,0
0,1,1,4,0,0,228,1,0.0,0.07,255,1,1.0,0,0,attack,0
0,1,20,4,0,0,2,2,1.0,0.0,4,255,0.5,0,0,normal,1
0,1,33,4,0,0,292,17,0.06,0.05,255,9,1.0,0,0,attack,0
0,0,13,7,1032,0,30,30,1.0,0.0,255,30,0.0,0,0,attack,0
0,1,51,4,0,0,269,15,0.06,0.05,255,15,1.0,0,0,attack,0
0,1,40,4,0,0,299,12,0.04,0.05,255,8,1.0,0,0,attack,0
0,1,40,0,0,0,511,1,0.0,1.0,255,1,0.08,0,0,attack,0
0,1,40,4,0,0,115,2,0.02,0.06,255,2,1.0,0,0,attack,0
0,2,10,7,45,138,284,284,1.0,0.0,255,251,0.0,0,0,normal,1
0,1,40,0,0,0,141,12,0.09,0.06,116,12,0.0,0,0,attack,0
0,1,40,0,0,0,1,1,1.0,0.0,255,1,0.0,0,0,attack,0
0,1,20,7,326,1770,8,15,1.0,0.0,27,255,0.0,1,0,normal,1
0,1,14,4,0,0,102,14,0.14,0.06,255,14,1.0,0,0,attack,0
0,1,20,7,247,8746,2,10,1.0,0.0,132,255,0.0,1,0,normal,1
0,1,40,4,0,0,179,4,0.02,0.06,255,18,1.0,0,0,attack,0
0,1,40,4,0,0,123,11,0.09,0.06,255,10,1.0,0,0,attack,0
0,1,20,7,200,379,1,2,1.0,0.0,134,255,0.0,1,0,normal,1
0,1,18,7,15377,0,19,19,1.0,0.0,25,90,0.0,0,0,normal,1
29,2,10,7,44,44,5,5,0.2,0.4,66,63,0.0,0,0,normal,1
0,1,40,4,0,0,209,4,0.02,0.07,255,4,1.0,0,0,attack,0
0,1,20,7,209,1965,35,35,1.0,0.0,255,255,0.0,1,0,normal,1
0,1,20,7,316,2698,2,3,1.0,0.0,24,23,0.0,1,0,normal,1
0,1,20,7,201,9544,1,1,1.0,0.0,102,255,0.0,1,0,normal,1
0,1,41,4,0,0,234,1,0.0,0.07,255,1,1.0,0,0,attack,0
0,1,20,7,247,3047,1,19,1.0,0.0,17,255,0.0,1,0,normal,1
0,1,40,4,0,0,119,17,0.14,0.06,255,3,1.0,0,0,attack,0
0,1,20,3,15492,8314,4,5,1.0,0.0,96,96,0.0,1,1,attack,0
0,2,10,7,45,131,128,194,0.99,0.02,255,218,0.0,0,0,normal,1
0,1,18,7,259,0,1,1,1.0,0.0,59,43,0.0,0,0,normal,1
0,1,20,7,292,12985,2,2,1.0,0.0,2,255,0.5,1,0,normal,1
0,2,10,7,44,44,156,156,1.0,0.0,255,255,0.0,0,0,normal,1
0,1,20,7,224,1415,1,1,1.0,0.0,48,48,0.0,1,0,normal,1
0,1,40,0,0,0,288,16,0.06,0.06,255,33,0.0,0,0,attack,0
4,1,41,6,966,413,1,1,1.0,0.0,38,182,1.0,1,0,normal,1
8,1,41,7,2450,332,1,1,1.0,0.0,208,153,0.0,1,0,normal,1
0,0,13,7,520,0,447,447,1.0,0.0,161,161,0.0,0,0,attack,0
0,1,22,4,0,0,203,13,0.06,0.06,255,17,1.0,0,0,attack,0
192,1,37,7,3690,0,1,1,1.0,0.0,56,1,0.0,1,0,normal,1
0,1,16,4,0,0,52,13,0.25,0.08,255,64,1.0,0,0,attack,0
0,2,37,7,113,0,34,33,0.97,0.06,255,33,0.0,0,0,normal,1
0,1,41,7,888,326,1,1,1.0,0.0,179,154,0.0,1,0,normal,1
0,0,12,7,18,0,1,1,1.0,0.0,1,141,0.0,0,0,attack,0
0,0,12,7,30,0,2,1,0.5,1.0,255,5,0.0,0,0,normal,1
0,1,3,0,0,0,255,10,0.04,0.07,255,10,0.0,0,0,attack,0
0,1,42,4,0,0,244,20,0.08,0.06,255,5,1.0,0,0,attack,0
0,1,41,7,2483,325,1,1,1.0,0.0,255,200,0.0,1,0,normal,1
0,2,40,7,1,0,32,5,0.16,0.12,255,5,0.0,0,0,attack,0
0,1,18,7,12,0,2,2,1.0,0.0,199,49,0.0,0,0,normal,1
7,1,47,7,0,4,1,1,1.0,0.0,23,23,0.0,0,0,normal,1
0,1,20,7,312,1715,8,8,1.0,0.0,255,255,0.0,1,0,normal,1
0,1,20,7,306,541,14,14,1.0,0.0,166,255,0.0,1,0,normal,1
0,1,20,7,224,1065,5,6,1.0,0.0,255,255,0.2,1,0,normal,1
0,1,40,4,0,0,282,15,0.05,0.06,255,1,1.0,0,0,attack,0
0,0,48,7,181,0,3,1,0.33,1.0,255,17,0.0,0,0,normal,1
0,1,18,7,2191,0,2,2,1.0,0.0,255,108,0.0,1,0,normal,1
0,1,20,7,250,768,1,2,1.0,0.0,255,255,0.0,1,0,normal,1
0,1,40,4,0,0,8,4,0.5,0.25,255,10,1.0,0,0,attack,0
0,1,40,4,0,0,203,4,0.02,0.06,255,6,1.0,0,0,attack,0
0,1,40,3,0,0,2,1,0.5,1.0,255,1,0.0,0,0,attack,0
0,1,30,0,0,0,269,18,0.07,0.06,255,18,0.0,0,0,attack,0
0,1,20,7,202,2488,16,19,1.0,0.0,255,255,0.0,1,0,normal,1
0,0,13,7,520,0,428,428,1.0,0.0,255,255,0.0,0,0,attack,0
0,1,20,7,210,8311,5,5,1.0,0.0,5,255,0.0,1,0,normal,1
0,1,20,7,226,324,7,7,1.0,0.0,35,167,0.0,1,0,normal,1
0,2,10,7,44,135,67,147,1.0,0.0,255,255,0.0,0,0,normal,1
0,1,20,0,0,0,1,2,1.0,0.0,11,254,0.0,0,0,normal,1
0,1,52,4,0,0,262,6,0.02,0.06,255,6,1.0,0,0,attack,0
0,1,40,4,0,0,231,4,0.02,0.05,92,4,1.0,0,0,attack,0
0,1,20,7,201,1701,7,7,1.0,0.0,32,255,0.0,1,0,normal,1
0,1,20,7,222,1600,10,10,1.0,0.0,224,255,0.0,1,0,normal,1
0,1,20,7,54540,8314,5,4,0.8,0.4,66,66,0.0,1,1,attack,0
0,1,20,7,321,17905,11,11,1.0,0.0,255,255,0.0,1,0,normal,1
0,1,20,7,244,457,1,1,1.0,0.0,1,255,0.0,1,0,normal,1
0,1,40,4,0,0,174,7,0.04,0.06,255,17,1.0,0,0,attack,0
0,1,38,7,35,130,1,1,1.0,0.0,255,5,0.0,1,0,normal,1
575,2,37,7,145,105,2,2,1.0,0.0,255,2,0.0,0,0,normal,1
0,1,20,7,218,1630,13,31,1.0,0.0,13,255,0.0,1,0,normal,1
8315,2,37,7,146,105,4,1,0.25,0.75,255,1,0.0,0,0,normal,1
0,1,37,0,0,0,495,1,0.0,0.95,255,1,0.08,0,0,attack,0
0,1,40,4,0,0,120,3,0.03,0.05,255,3,1.0,0,0,attack,0
1,1,17,7,1246,2449,1,1,1.0,0.0,255,136,0.0,1,0,attack,0
0,1,20,7,226,1933,3,3,1.0,0.0,87,255,0.0,1,0,normal,1
0,1,20,7,197,18290,10,21,1.0,0.0,88,255,0.0,1,0,normal,1
0,1,20,7,300,791,36,37,1.0,0.0,255,255,0.0,1,0,normal,1
0,0,12,7,8,0,1,9,1.0,0.0,1,6,0.0,0,0,attack,0
0,1,40,4,0,0,115,13,0.11,0.06,255,14,1.0,0,0,attack,0
0,1,41,7,1079,326,1,1,1.0,0.0,2,131,0.0,1,0,normal,1
2,1,41,7,666,329,1,2,1.0,0.0,248,140,0.0,1,0,normal,1
0,1,40,4,0,0,248,17,0.07,0.06,255,16,1.0,0,0,attack,0
0,1,20,7,261,18050,4,27,1.0,0.0,4,255,0.0,1,0,normal,1
0,1,29,4,0,0,253,5,0.02,0.06,255,5,1.0,0,0,attack,0
0,1,20,7,213,947,12,12,1.0,0.0,136,255,0.0,1,0,normal,1
0,1,40,4,0,0,121,3,0.02,0.06,255,7,1.0,0,0,attack,0
0,1,18,4,0,0,61,14,0.23,0.07,255,42,1.0,0,0,attack,0
0,1,18,7,74,0,2,2,1.0,0.0,255,5,0.0,0,0,normal,1
0,1,20,4,0,0,239,7,0.03,0.05,255,7,1.0,0,0,attack,0
0,1,6,4,0,0,212,17,0.08,0.06,255,17,1.0,0,0,attack,0
0,2,40,7,105,147,1,1,1.0,0.0,170,168,0.0,0,0,normal,1
0,1,20,0,0,0,18,18,1.0,0.0,28,203,0.0,0,0,normal,1
0,1,16,4,0,0,286,20,0.07,0.06,255,20,1.0,0,0,attack,0
0,1,37,0,0,0,511,1,0.0,0.96,255,1,0.05,0,0,attack,0
0,1,20,7,267,2544,4,5,1.0,0.0,255,255,0.0,1,0,normal,1
0,1,40,4,0,0,102,3,0.03,0.06,255,15,1.0,0,0,attack,0
3,1,41,7,2661,329,1,1,1.0,0.0,255,95,0.0,1,0,normal,1
0,1,20,7,314,5422,8,8,1.0,0.0,255,255,0.0,1,0,normal,1
0,1,20,7,315,1509,25,25,1.0,0.0,255,255,0.0,1,0,normal,1
0,1,40,4,0,0,208,5,0.02,0.06,255,3,1.0,0,0,attack,0
0,1,40,3,0,0,1,1,1.0,0.0,190,1,0.0,0,0,attack,0
0,1,20,7,219,6902,19,20,1.0,0.0,255,255,0.0,1,0,normal,1
0,2,40,7,28,0,59,59,1.0,0.0,255,26,0.0,0,0,attack,0
0,1,20,7,54540,8314,2,3,1.0,0.0,56,56,0.0,1,1,attack,0
0,1,20,7,342,2851,35,38,1.0,0.0,255,255,0.0,1,0,normal,1
0,1,18,7,501760,0,2,2,1.0,0.0,189,76,0.0,1,0,normal,1
0,1,41,7,1009,441,1,2,1.0,0.0,255,134,0.0,1,0,normal,1
0,1,20,7,233,3222,4,4,1.0,0.0,255,243,0.0,1,0,normal,1
0,1,29,4,0,0,206,18,0.09,0.07,255,20,1.0,0,0,attack,0
0,1,20,7,326,3508,7,15,1.0,0.0,131,255,0.0,1,0,normal,1
0,1,33,3,0,0,1,1,1.0,0.0,237,1,0.0,0,0,attack,0
0,0,12,7,18,0,1,1,1.0,0.0,1,238,0.0,0,0,attack,0
0,0,12,7,8,0,1,42,1.0,0.0,1,39,0.0,0,0,attack,0
0,1,18,4,0,0,79,18,0.23,0.08,255,38,0.97,0,0,attack,0
0,1,40,0,0,0,173,10,0.06,0.07,255,10,0.0,0,0,attack,0
0,0,13,7,1032,0,508,508,1.0,0.0,255,156,0.0,0,0,attack,0
11,1,46,7,306,24556,1,1,1.0,0.0,255,61,0.0,1,0,normal,1
0,1,40,4,0,0,146,1,0.01,0.06,255,5,1.0,0,0,attack,0
0,1,20,7,220,593,2,2,1.0,0.0,2,255,0.0,1,0,normal,1
0,1,20,7,318,1342,14,15,1.0,0.0,70,255,0.0,1,0,normal,1
0,2,10,7,46,46,157,156,0.99,0.01,255,254,0.0,0,0,normal,1
0,0,13,7,520,0,113,113,1.0,0.0,255,255,0.0,0,0,attack,0
0,2,40,7,28,0,34,34,1.0,0.0,255,134,0.0,0,0,attack,0
0,1,4,4,0,0,105,5,0.05,0.07,255,5,1.0,0,0,attack,0
0,1,20,7,211,7624,9,39,1.0,0.0,9,255,0.0,1,0,normal,1
0,1,40,4,0,0,268,15,0.06,0.04,255,15,1.0,0,0,attack,0
0,1,40,4,0,0,20,6,0.3,0.2,255,6,1.0,0,0,attack,0
0,1,20,7,285,259,17,17,1.0,0.0,255,255,0.0,1,0,normal,1
0,1,38,4,0,0,260,8,0.03,0.07,255,8,1.0,0,0,attack,0
0,0,13,7,1480,0,2,4,1.0,0.0,2,151,0.0,0,0,attack,0
0,2,10,7,36,0,10,10,1.0,0.0,75,120,0.0,0,0,normal,1
0,1,40,4,0,0,117,6,0.05,0.07,226,6,1.0,0,0,attack,0
0,1,45,4,0,0,276,23,0.08,0.05,255,23,1.0,0,0,attack,0
0,1,18,7,59,0,17,17,1.0,0.0,255,71,0.0,1,0,normal,1
0,2,40,7,105,147,7,1,0.14,0.29,255,249,0.0,0,0,normal,1
0,1,20,7,194,13332,2,2,1.0,0.0,255,251,0.0,1,0,normal,1
0,1,20,7,376,1127,7,8,1.0,0.0,255,255,0.0,1,0,normal,1
0,1,35,4,0,0,296,14,0.05,0.05,255,1,1.0,0,0,attack,0
0,1,47,1,0,0,237,19,0.08,0.07,255,19,0.0,0,0,attack,0
0,1,20,7,337,282,3,3,1.0,0.0,255,237,0.0,1,0,normal,1
0,1,11,4,0,0,255,20,0.08,0.05,255,20,1.0,0,0,attack,0
0,1,16,4,0,0,75,19,0.25,0.05,255,61,1.0,0,0,attack,0
0,1,37,4,0,0,511,1,0.0,1.0,255,1,0.33,0,0,attack,0
0,1,46,4,0,0,15,15,1.0,0.0,137,77,1.0,0,0,attack,0
2005,2,37,7,147,105,1,1,1.0,0.0,255,2,0.0,0,0,normal,1
0,1,38,1,0,0,232,5,0.02,0.06,255,5,0.0,0,0,attack,0
2,1,18,7,2194619,0,2,2,1.0,0.0,178,72,0.0,1,0,normal,1
12,2,40,7,105,146,2,2,1.0,0.0,255,247,0.0,0,0,normal,1
14,1,41,7,1278,338,1,1,1.0,0.0,159,190,0.0,1,0,normal,1
0,1,20,5,216,26280,2,2,1.0,0.0,2,255,0.5,1,0,normal,1
0,1,18,7,334,0,1,1,1.0,0.0,1,29,0.0,1,0,attack,0
0,1,32,0,0,0,206,20,0.1,0.06,255,20,0.0,0,0,attack,0
0,1,40,4,0,0,140,4,0.03,0.06,255,24,1.0,0,0,attack,0
0,1,49,4,0,0,138,14,0.1,0.06,255,20,1.0,0,0,attack,0
0,2,10,7,44,128,4,84,1.0,0.0,255,205,0.0,0,0,normal,1
0,0,12,7,8,0,1,43,1.0,0.0,2,50,0.0,0,0,attack,0
15509,1,46,7,512,70827,1,1,1.0,0.0,127,29,0.0,1,166,normal,1
0,1,20,7,295,2649,2,28,1.0,0.0,255,255,0.0,1,0,normal,1
0,1,20,7,217,2670,6,6,1.0,0.0,6,255,0.0,1,0,normal,1
0,1,50,4,0,0,276,18,0.07,0.05,255,18,1.0,0,0,attack,0
9597,2,37,7,147,105,6,2,0.33,0.5,255,2,0.0,0,0,normal,1
0,1,2,4,0,0,265,11,0.04,0.06,255,11,1.0,0,0,attack,0
10485,2,37,7,147,105,1,1,1.0,0.0,212,2,0.0,0,0,normal,1
0,1,20,7,292,402,1,1,1.0,0.0,189,255,0.0,1,0,normal,1
0,1,40,4,0,0,225,5,0.02,0.06,255,16,1.0,0,0,attack,0
0,1,20,7,260,26088,2,2,1.0,0.0,255,255,0.0,1,0,normal,1
6165,2,37,7,147,105,6,2,0.33,0.5,255,2,0.0,0,0,normal,1
0,1,20,7,321,1321,51,51,1.0,0.0,117,255,0.0,1,0,normal,1
0,1,45,4,0,0,211,2,0.01,0.06,255,2,1.0,0,0,attack,0
0,1,37,0,0,0,511,1,0.0,1.0,255,1,0.03,0,0,attack,0
0,1,20,7,263,279,29,29,1.0,0.0,255,228,0.0,1,0,normal,1
0,2,10,7,42,108,66,146,1.0,0.0,255,204,0.0,0,0,normal,1
0,0,12,7,8,0,1,45,1.0,0.0,4,4,0.0,0,0,attack,0
0,1,20,7,326,761,1,10,1.0,0.0,104,255,0.0,1,0,normal,1
0,1,20,7,233,1380,3,3,1.0,0.0,255,241,0.33,1,0,normal,1
0,1,18,7,7280,0,2,2,1.0,0.0,255,11,0.0,1,0,normal,1
0,2,40,7,105,146,4,1,0.25,0.5,255,244,0.0,0,0,normal,1
0,1,29,4,0,0,238,11,0.05,0.06,255,5,1.0,0,0,attack,0
0,2,10,7,102,0,2,2,0.5,1.0,255,18,0.0,0,0,normal,1
0,1,20,7,200,2055,10,11,1.0,0.0,255,255,0.0,1,0,normal,1
0,1,49,4,0,0,131,8,0.06,0.06,255,8,1.0,0,0,attack,0
0,1,20,7,285,263,21,27,1.0,0.0,255,255,0.0,1,0,normal,1
0,1,20,7,312,20331,18,18,1.0,0.0,255,255,0.0,1,0,normal,1
0,2,10,7,46,125,105,185,1.0,0.0,255,255,0.0,0,0,normal,1
0,1,40,4,0,0,126,4,0.03,0.06,255,3,1.0,0,0,attack,0
0,1,40,0,0,0,2,1,0.5,1.0,255,1,0.0,0,0,attack,0
0,0,12,7,8,0,1,3,1.0,0.0,1,9,0.0,0,0,attack,0
0,1,16,4,0,0,23,1,0.04,0.17,255,2,0.91,0,0,attack,0
0,1,20,7,240,369,4,4,1.0,0.0,4,255,0.0,1,0,normal,1
0,1,26,4,0,0,94,13,0.14,0.07,255,13,1.0,0,0,attack,0
0,1,41,7,890,331,1,2,1.0,0.0,22,39,0.0,1,0,normal,1
0,1,20,7,319,6534,14,15,1.0,0.0,255,255,0.0,1,0,normal,1
0,1,45,4,0,0,228,11,0.05,0.07,255,11,1.0,0,0,attack,0
0,1,44,4,0,0,279,10,0.04,0.06,255,19,1.0,0,0,attack,0
0,1,17,4,0,0,246,18,0.07,0.05,255,18,1.0,0,0,attack,0
0,1,18,7,2881,0,4,4,1.0,0.0,10,97,0.0,1,0,normal,1
0,1,20,7,217,4290,5,5,1.0,0.0,5,255,0.0,1,0,normal,1
0,1,40,4,0,0,255,18,0.07,0.05,255,18,1.0,0,0,attack,0
0,1,20,7,321,608,5,5,1.0,0.0,255,255,0.0,1,0,normal,1
0,1,40,4,0,0,169,8,0.05,0.06,255,8,1.0,0,0,attack,0
0,1,46,1,125,179,2,2,1.0,0.0,2,2,0.5,0,0,attack,0
25420,1,40,3,0,0,1,1,1.0,0.0,255,1,0.0,0,0,attack,0
0,1,7,4,0,0,147,16,0.11,0.07,255,16,1.0,0,0,attack,0
0,1,20,7,227,2510,6,8,1.0,0.0,14,255,0.0,1,0,normal,1
0,2,10,7,33,87,1,3,1.0,0.0,255,245,0.0,0,0,normal,1
1,1,18,7,0,988002,1,2,1.0,0.0,3,3,0.0,0,0,attack,0
0,1,20,7,222,1269,5,5,1.0,0.0,48,255,0.0,1,0,normal,1
0,1,20,7,339,5109,5,5,1.0,0.0,255,255,0.0,1,0,normal,1
0,1,52,4,0,0,254,11,0.04,0.06,255,11,1.0,0,0,attack,0
0,1,20,7,331,6162,7,7,1.0,0.0,7,255,0.0,1,0,normal,1
0,1,20,7,236,3791,17,17,1.0,0.0,255,255,0.0,1,0,normal,1
0,1,20,7,237,3952,7,7,1.0,0.0,7,255,0.0,1,0,normal,1
0,1,40,4,0,0,277,14,0.05,0.05,255,14,1.0,0,0,attack,0
0,1,20,7,324,1540,35,39,1.0,0.0,255,255,0.0,1,0,normal,1
0,1,20,7,360,5864,2,26,1.0,0.0,106,255,0.0,1,0,normal,1
0,1,40,4,0,0,300,12,0.04,0.06,255,10,1.0,0,0,attack,0
0,1,40,4,0,0,174,8,0.05,0.06,255,17,1.0,0,0,attack,0
2,1,41,7,1627,408,1,3,1.0,0.0,28,169,0.0,1,0,normal,1
11,1,41,7,1196,493,1,2,1.0,0.0,10,182,0.0,1,0,normal,1
0,0,12,7,8,0,1,11,1.0,0.0,1,15,0.0,0,0,attack,0
0,0,12,7,8,0,1,36,1.0,0.0,3,183,0.0,0,0,attack,0
0,2,10,7,45,129,212,288,1.0,0.0,255,253,0.0,0,0,normal,1
0,1,20,4,0,0,257,4,0.02,0.06,255,4,1.0,0,0,attack,0
0,1,40,4,0,0,211,6,0.03,0.05,15,6,1.0,0,0,attack,0
0,1,20,4,0,0,263,25,0.1,0.05,255,25,1.0,0,0,attack,0
0,1,40,4,0,0,149,17,0.11,0.05,255,17,1.0,0,0,attack,0
0,1,20,7,288,11406,9,9,1.0,0.0,252,255,0.0,1,0,normal,1
0,1,20,7,227,1484,7,7,1.0,0.0,174,255,0.0,1,0,normal,1
0,1,40,4,0,0,131,12,0.09,0.05,255,6,1.0,0,0,attack,0
0,1,19,0,0,0,246,1,0.0,0.07,255,1,0.0,0,0,attack,0
0,1,2,4,0,0,285,8,0.03,0.06,255,16,1.0,0,0,attack,0
0,0,48,7,123,0,5,1,0.2,0.4,203,30,0.0,0,0,normal,1
0,1,20,7,237,397,2,2,1.0,0.0,121,255,0.0,1,0,normal,1
0,2,40,7,1,0,14,2,0.14,0.64,255,2,0.0,0,0,attack,0
0,2,40,7,1,0,68,22,0.32,0.07,255,45,0.0,0,0,attack,0
0,1,20,7,340,1230,12,27,1.0,0.0,21,255,0.0,1,0,normal,1
0,1,14,4,0,0,25,5,0.2,0.12,255,5,1.0,0,0,attack,0
0,1,20,7,215,1469,16,16,1.0,0.0,64,255,0.0,1,0,normal,1
0,1,40,4,0,0,127,10,0.08,0.06,127,10,1.0,0,0,attack,0
0,1,40,4,0,0,188,24,0.13,0.05,255,24,1.0,0,0,attack,0
0,1,40,4,0,0,217,18,0.08,0.06,255,19,1.0,0,0,attack,0
0,1,37,0,0,0,1,1,1.0,0.0,25,25,0.0,0,0,normal,1
0,1,18,7,383,0,2,2,1.0,0.0,13,32,0.0,0,0,normal,1
0,1,40,4,0,0,241,16,0.07,0.06,255,5,1.0,0,0,attack,0
0,1,20,7,150,23476,2,2,1.0,0.0,65,250,0.0,1,0,normal,1
0,1,18,7,12,0,2,2,1.0,0.0,20,84,0.0,1,0,normal,1
0,1,20,7,223,8766,8,8,1.0,0.0,152,255,0.0,1,0,normal,1
0,1,20,7,226,11333,4,4,1.0,0.0,10,255,0.0,1,0,normal,1
0,1,20,7,248,942,10,10,1.0,0.0,255,255,0.0,1,0,normal,1
0,1,20,7,204,8774,10,12,1.0,0.0,185,255,0.0,1,0,normal,1
2,1,16,7,7,138,1,1,1.0,0.0,53,8,0.0,0,0,normal,1
0,1,20,7,316,337,23,23,1.0,0.0,255,255,0.0,1,0,normal,1
0,1,42,4,0,0,103,17,0.17,0.06,255,6,1.0,0,0,attack,0
0,1,20,7,294,3159,25,25,1.0,0.0,255,255,0.0,1,0,normal,1
17,1,46,7,525,15993,1,1,1.0,0.0,75,5,0.0,1,0,normal,1
0,1,18,4,0,0,222,23,0.1,0.06,255,23,1.0,0,0,attack,0
0,1,20,7,190,464,4,5,1.0,0.0,8,255,0.0,1,0,normal,1
0,1,40,4,0,0,185,1,0.01,0.99,255,1,0.05,0,0,attack,0
0,1,35,4,0,0,151,13,0.09,0.07,255,13,1.0,0,0,attack,0
0,1,20,7,220,511,5,7,1.0,0.0,255,255,0.0,1,0,normal,1
0,1,20,7,356,282,3,3,1.0,0.0,255,255,0.0,1,0,normal,1
0,1,20,7,280,2474,4,6,1.0,0.0,255,255,0.0,1,0,normal,1
0,1,51,0,0,0,181,5,0.03,0.07,255,5,0.0,0,0,attack,0
4,1,41,7,1982,332,1,2,1.0,0.0,57,76,0.0,1,0,normal,1
0,1,41,7,1087,328,1,1,1.0,0.0,122,170,0.0,1,0,normal,1
0,2,10,7,46,46,17,25,1.0,0.0,126,122,0.0,0,0,normal,1
0,1,20,7,292,3529,1,1,1.0,0.0,1,233,0.0,1,0,normal,1
3620,2,37,7,145,105,1,1,1.0,0.0,255,4,0.0,0,0,normal,1
0,1,6,4,0,0,114,5,0.04,0.06,255,5,1.0,0,0,attack,0
0,1,20,0,0,0,108,13,0.12,0.06,255,11,0.0,0,0,attack,0
0,1,6,0,0,0,293,17,0.06,0.06,255,17,0.0,0,0,attack,0
0,1,20,7,335,6357,9,12,1.0,0.0,21,255,0.0,1,0,normal,1
0,1,40,4,0,0,140,18,0.13,0.06,43,18,1.0,0,0,attack,0
5568,2,37,7,146,105,1,1,1.0,0.0,255,1,0.0,0,0,normal,1
0,0,12,7,30,0,1,1,1.0,0.0,56,131,0.0,0,0,normal,1
0,1,37,0,0,0,442,1,0.0,1.0,255,1,0.08,0,0,attack,0
0,1,40,4,0,0,122,15,0.12,0.07,255,20,0.99,0,0,attack,0
0,1,20,7,339,2289,8,9,1.0,0.0,17,255,0.0,1,0,normal,1
0,1,16,4,0,0,20,8,0.4,0.15,255,68,1.0,0,0,attack,0
1,1,41,7,1114,331,1,3,1.0,0.0,179,193,0.0,1,0,normal,1
0,2,10,7,42,42,7,13,1.0,0.0,255,150,0.0,0,0,normal,1
0,1,40,3,0,0,1,1,1.0,0.0,255,1,0.0,0,0,attack,0
0,2,10,7,43,43,165,165,1.0,0.0,255,255,0.0,0,0,normal,1
0,1,20,7,232,32617,1,1,1.0,0.0,1,255,0.0,1,0,normal,1
0,1,40,4,0,0,156,2,0.01,0.06,255,2,1.0,0,0,attack,0
0,1,41,7,1743,277,1,1,1.0,0.0,255,151,0.0,1,0,normal,1
0,1,6,4,0,0,219,5,0.02,0.06,255,16,1.0,0,0,attack,0
0,1,20,7,241,6693,15,15,1.0,0.0,104,255,0.0,1,0,normal,1
0,1,20,7,251,5814,1,2,1.0,0.0,255,246,0.0,1,0,normal,1
7783,2,37,7,147,105,5,1,0.2,0.6,255,1,0.0,0,0,normal,1
0,2,10,7,43,132,79,158,1.0,0.0,255,255,0.0,0,0,normal,1
0,2,10,7,43,109,73,151,1.0,0.0,255,237,0.0,0,0,normal,1
0,1,20,7,215,423,1,1,1.0,0.0,6,255,0.0,1,0,normal,1
0,1,37,0,0,0,509,1,0.0,1.0,255,1,0.08,0,0,attack,0
0,0,12,7,18,0,1,1,1.0,0.0,1,9,0.0,0,0,attack,0
0,1,40,4,0,0,112,6,0.05,0.07,110,6,1.0,0,0,attack,0
0,1,11,4,0,0,248,24,0.1,0.05,255,24,1.0,0,0,attack,0
0,1,40,4,0,0,168,17,0.1,0.06,255,4,1.0,0,0,attack,0
0,2,10,7,46,76,105,107,1.0,0.0,255,229,0.0,0,0,normal,1
0,1,20,7,228,6129,5,5,1.0,0.0,5,255,0.0,1,0,normal,1
0,1,18,4,0,0,138,2,0.01,0.06,255,2,1.0,0,0,attack,0
0,1,22,4,0,0,190,14,0.07,0.06,255,14,1.0,0,0,attack,0
0,1,37,0,0,0,509,1,0.0,1.0,255,1,0.08,0,0,attack,0
0,1,20,7,345,2090,4,4,1.0,0.0,255,255,0.0,1,0,normal,1
7,1,41,7,1341,369,1,1,1.0,0.0,130,138,0.0,1,0,normal,1
93,1,20,7,375,248,2,4,1.0,0.0,48,255,0.0,1,0,normal,1
0,1,29,4,0,0,235,8,0.03,0.06,255,8,1.0,0,0,attack,0
0,1,40,4,0,0,194,4,0.02,0.07,255,15,1.0,0,0,attack,0
0,1,25,4,0,0,137,24,0.18,0.04,255,24,1.0,0,0,attack,0
0,1,25,4,0,0,28,1,0.04,0.11,255,1,1.0,0,0,attack,0
0,1,23,4,0,0,237,6,0.03,0.06,255,6,1.0,0,0,attack,0
0,0,12,7,8,0,1,19,1.0,0.0,1,131,0.0,0,0,attack,0
0,0,12,7,8,0,1,21,1.0,0.0,2,138,0.0,0,0,attack,0
0,1,20,7,236,1408,24,24,1.0,0.0,255,255,0.0,1,0,normal,1
0,1,32,4,0,0,286,14,0.05,0.06,255,8,1.0,0,0,attack,0
0,1,20,0,0,0,1,1,1.0,0.0,19,102,0.0,0,0,normal,1
0,1,40,4,0,0,76,10,0.13,0.07,255,1,1.0,0,0,attack,0
0,2,10,7,45,136,77,155,1.0,0.0,255,255,0.0,0,0,normal,1
0,1,17,4,0,0,257,6,0.02,0.06,255,6,1.0,0,0,attack,0
0,1,18,7,0,7153,1,12,1.0,0.0,255,92,0.0,0,0,normal,1
0,1,20,7,264,506,31,50,1.0,0.0,255,255,0.0,1,0,normal,1
0,1,1,4,0,0,214,5,0.02,0.08,255,5,1.0,0,0,attack,0
0,1,20,7,340,1462,3,3,1.0,0.0,255,255,0.0,1,0,normal,1
0,1,40,4,0,0,253,4,0.02,0.06,255,16,1.0,0,0,attack,0
0,1,6,4,0,0,188,14,0.07,0.06,255,14,1.0,0,0,attack,0
0,0,12,7,8,0,1,2,1.0,0.0,2,110,0.0,0,0,attack,0
33,1,17,7,251,773,1,1,1.0,0.0,105,28,0.0,1,0,normal,1
0,1,9,0,0,0,240,8,0.03,0.07,255,8,0.0,0,0,attack,0
0,1,18,7,567,0,1,1,1.0,0.0,242,69,0.0,1,0,normal,1
0,1,20,7,335,8275,5,5,1.0,0.0,41,255,0.0,1,0,normal,1
0,1,40,0,0,0,134,14,0.1,0.06,255,13,0.0,0,0,attack,0
0,1,40,4,0,0,78,1,0.01,0.06,255,7,1.0,0,0,attack,0
0,1,20,7,320,38116,13,14,1.0,0.0,31,255,0.0,1,0,normal,1
0,1,20,0,0,0,1,1,1.0,0.0,4,243,0.0,0,0,normal,1
0,1,20,7,320,13936,17,52,1.0,0.0,51,255,0.06,1,0,normal,1
0,1,4,4,0,0,119,17,0.14,0.06,255,17,1.0,0,0,attack,0
4625,2,37,7,146,105,5,2,0.4,0.6,255,2,0.0,0,0,normal,1
0,1,47,4,0,0,201,1,0.0,0.06,255,6,1.0,0,0,attack,0
0,1,34,4,0,0,102,18,0.18,0.07,255,18,1.0,0,0,attack,0
0,1,49,1,0,0,101,1,0.01,0.07,255,1,0.0,0,0,attack,0
0,1,40,4,0,0,187,20,0.11,0.06,255,20,1.0,0,0,attack,0
0,0,12,7,30,0,2,1,0.5,1.0,255,5,0.0,0,0,normal,1
0,1,52,4,0,0,226,16,0.07,0.05,255,16,1.0,0,0,attack,0
0,1,40,4,0,0,80,13,0.16,0.08,255,13,1.0,0,0,attack,0
0,1,40,0,0,0,159,1,0.01,0.07,255,1,0.0,0,0,attack,0
0,1,18,4,0,0,54,12,0.22,0.07,255,40,1.0,0,0,attack,0
0,1,40,4,0,0,96,24,0.25,0.05,255,24,1.0,0,0,attack,0
0,1,46,4,0,0,78,19,0.24,0.05,158,40,1.0,0,0,attack,0
0,1,20,7,389,858,2,9,1.0,0.0,42,255,0.0,1,0,normal,1
0,2,40,7,28,0,76,76,1.0,0.0,148,76,0.0,0,0,attack,0
1,1,41,7,1207,335,1,1,1.0,0.0,121,175,0.0,1,0,normal,1
1,1,17,7,1222,2449,1,1,1.0,0.0,255,93,0.0,1,0,attack,0
0,1,44,4,0,0,127,2,0.02,0.06,255,2,1.0,0,0,attack,0
0,1,40,4,0,0,273,16,0.06,0.04,133,16,1.0,0,0,attack,0
0,1,20,7,368,7653,15,15,1.0,0.0,255,255,0.07,1,0,normal,1
29,1,17,7,1179,3380,3,1,0.33,0.67,61,2,0.0,1,0,normal,1
0,1,8,4,0,0,195,1,0.01,0.06,255,1,1.0,0,0,attack,0
0,1,20,7,223,1227,6,18,1.0,0.0,244,244,0.0,1,0,normal,1
0,1,40,4,0,0,141,10,0.07,0.06,76,10,1.0,0,0,attack,0
0,1,17,4,0,0,235,5,0.02,0.06,255,5,1.0,0,0,attack,0
0,1,20,7,258,8745,1,1,1.0,0.0,255,255,0.0,1,0,normal,1
0,1,20,7,289,9472,4,4,1.0,0.0,55,255,0.0,1,0,normal,1
0,1,20,7,207,7367,2,2,1.0,0.0,4,255,0.0,1,0,normal,1
0,1,26,4,0,0,123,23,0.19,0.05,255,23,1.0,0,0,attack,0
0,1,28,4,0,0,116,22,0.19,0.06,255,22,1.0,0,0,attack,0
0,1,18,7,0,8766,1,1,1.0,0.0,149,71,0.0,0,0,normal,1
0,0,13,7,1032,0,509,509,1.0,0.0,187,42,0.0,0,0,attack,0
0,1,16,4,0,0,31,11,0.35,0.06,73,15,1.0,0,0,attack,0
0,1,20,7,307,397,2,2,1.0,0.0,255,255,0.0,1,0,normal,1
0,0,13,7,1032,0,78,78,1.0,0.0,255,78,0.0,0,0,attack,0
0,1,20,0,0,0,1,3,1.0,0.0,1,255,0.0,0,0,normal,1
0,1,50,0,0,0,138,13,0.09,0.07,255,1,0.0,0,0,attack,0
0,1,20,7,293,27859,20,30,1.0,0.0,20,255,0.0,1,0,normal,1
0,1,20,0,0,0,1,2,1.0,0.0,48,201,0.0,0,0,normal,1
31321,1,40,3,1,0,2,2,1.0,0.0,255,2,0.0,0,0,attack,0
4,1,17,7,1232,2449,1,1,1.0,0.0,246,74,0.0,1,0,attack,0
0,1,40,4,0,0,128,4,0.03,0.07,255,8,1.0,0,0,attack,0
0,1,20,7,201,1479,7,7,1.0,0.0,51,255,0.0,1,0,normal,1
0,1,20,7,208,6845,15,15,1.0,0.0,38,255,0.0,1,0,normal,1
0,1,46,4,0,0,7,1,0.14,0.43,255,20,1.0,0,0,attack,0
74,2,10,7,43,44,2,2,1.0,0.0,52,38,0.0,0,0,normal,1
0,1,40,4,0,0,168,25,0.15,0.05,255,25,1.0,0,0,attack,0
0,1,40,4,0,0,131,20,0.15,0.06,255,40,1.0,0,0,attack,0
0,1,18,7,334,0,1,1,1.0,0.0,255,84,0.0,1,0,attack,0
0,1,1,4,0,0,209,9,0.04,0.06,255,9,1.0,0,0,attack,0
11460,1,46,7,3227,36853,1,1,1.0,0.0,132,13,0.0,1,0,normal,1
0,1,20,7,246,255,9,11,1.0,0.0,61,250,0.0,1,0,normal,1
0,1,37,0,0,0,511,1,0.0,1.0,255,1,0.06,0,0,attack,0
0,1,5,4,0,0,276,16,0.06,0.06,255,16,1.0,0,0,attack,0
0,1,34,4,0,0,146,16,0.11,0.06,255,16,1.0,0,0,attack,0
0,1,20,7,175,170,1,2,1.0,0.0,255,255,0.0,1,0,normal,1
0,0,12,7,8,0,1,27,1.0,0.0,2,130,0.0,0,0,attack,0
0,2,10,7,46,136,64,144,0.98,0.03,255,241,0.0,0,0,normal,1
0,1,20,7,287,7384,7,7,1.0,0.0,255,255,0.0,1,0,normal,1
0,1,41,7,935,335,1,2,1.0,0.0,192,144,0.0,1,0,normal,1
0,1,31,4,0,0,111,11,0.1,0.06,255,11,1.0,0,0,attack,0
0,1,20,7,224,2483,26,26,1.0,0.0,255,255,0.0,1,0,normal,1
0,1,40,3,0,0,1,1,1.0,0.0,255,1,0.0,0,0,attack,0
0,1,20,7,310,675,9,9,1.0,0.0,255,255,0.0,1,0,normal,1
0,1,20,7,314,1490,7,8,1.0,0.0,52,255,0.0,1,0,normal,1
0,2,10,7,43,124,77,157,1.0,0.0,255,247,0.0,0,0,normal,1
0,0,12,7,8,0,1,11,1.0,0.0,2,58,0.0,0,0,attack,0
0,1,20,7,295,471,24,24,1.0,0.0,51,255,0.0,1,0,normal,1
0,1,20,7,296,32294,3,3,1.0,0.0,172,255,0.0,1,0,normal,1
0,1,20,7,370,302,10,10,1.0,0.0,255,255,0.0,1,0,normal,1
0,1,50,0,0,0,2,1,0.5,1.0,255,1,0.0,0,0,attack,0
0,1,20,7,323,771,11,11,1.0,0.0,37,255,0.0,1,0,normal,1
0,1,39,1,0,0,131,18,0.14,0.05,255,18,0.0,0,0,attack,0
0,0,13,7,1032,0,511,511,1.0,0.0,255,5,0.0,0,0,attack,0
0,1,20,7,295,770,15,15,1.0,0.0,255,255,0.07,1,0,normal,1
0,1,40,4,0,0,195,9,0.05,0.06,56,7,1.0,0,0,attack,0
0,1,17,1,0,0,234,3,0.01,0.06,255,3,0.0,0,0,attack,0
0,1,49,4,0,0,103,2,0.02,0.06,255,2,1.0,0,0,attack,0
0,0,12,7,8,0,1,44,1.0,0.0,102,155,0.0,0,0,attack,0
0,1,20,7,231,1075,6,7,1.0,0.0,255,250,0.0,1,0,normal,1
0,1,16,4,0,0,68,18,0.26,0.06,255,65,1.0,0,0,attack,0
0,1,40,4,0,0,112,14,0.12,0.05,255,14,1.0,0,0,attack,0
0,0,13,7,1032,0,511,511,1.0,0.0,255,118,0.0,0,0,attack,0
0,1,20,7,54540,8314,1,1,1.0,0.0,161,161,0.0,1,1,attack,0
0,1,20,7,293,1674,24,24,1.0,0.0,255,255,0.0,1,0,normal,1
0,1,40,4,0,0,284,14,0.05,0.05,255,4,1.0,0,0,attack,0
0,1,40,4,0,0,88,19,0.22,0.06,255,2,1.0,0,0,attack,0
0,1,20,7,302,5501,18,18,1.0,0.0,40,255,0.0,1,0,normal,1
0,1,40,4,0,0,107,16,0.15,0.06,255,13,1.0,0,0,attack,0
0,1,40,0,0,0,124,18,0.15,0.06,255,2,0.0,0,0,attack,0
0,1,4,0,0,0,125,3,0.02,0.06,255,3,0.0,0,0,attack,0
0,1,41,7,883,327,1,1,1.0,0.0,144,194,0.0,1,0,normal,1
0,1,20,7,226,1811,1,4,1.0,0.0,11,255,0.0,1,0,normal,1
0,1,40,4,0,0,85,6,0.07,0.07,255,9,1.0,0,0,attack,0
0,1,20,7,54540,8314,4,4,1.0,0.0,122,122,0.0,1,1,attack,0
0,2,10,7,45,73,165,165,1.0,0.0,255,255,0.0,0,0,normal,1
0,2,10,7,44,115,2,5,1.0,0.0,255,235,0.0,0,0,normal,1
0,2,37,7,1,0,7,2,0.29,0.43,255,2,0.0,0,0,attack,0
0,1,20,7,310,285,17,17,1.0,0.0,255,255,0.0,1,0,normal,1
0,1,1,4,0,0,247,9,0.04,0.06,255,9,1.0,0,0,attack,0
0,1,40,4,0,0,268,14,0.05,0.06,255,14,1.0,0,0,attack,0
0,1,20,7,244,9676,6,13,1.0,0.0,62,255,0.0,1,0,normal,1
0,1,20,7,196,4110,1,6,1.0,0.0,65,227,0.0,1,0,normal,1
0,1,40,1,0,0,260,17,0.07,0.06,255,17,0.0,0,0,attack,0
0,1,20,7,224,487,4,4,1.0,0.0,170,255,0.0,1,0,normal,1
0,2,10,7,45,114,4,11,1.0,0.0,255,235,0.0,0,0,normal,1
2,1,41,7,1915,332,1,2,1.0,0.0,255,72,0.0,1,0,normal,1
249,2,37,7,145,105,1,1,1.0,0.0,255,4,0.0,0,0,normal,1
0,1,40,4,0,0,282,17,0.06,0.06,255,15,1.0,0,0,attack,0
0,0,12,7,8,0,1,36,1.0,0.0,1,29,0.0,0,0,attack,0
0,1,50,4,0,0,265,11,0.04,0.06,255,11,1.0,0,0,attack,0
0,1,20,7,226,397,11,11,1.0,0.0,255,255,0.0,1,0,normal,1
0,1,3,4,0,0,250,25,0.1,0.06,255,25,1.0,0,0,attack,0
0,1,18,0,0,0,249,13,0.05,0.06,255,13,0.0,0,0,attack,0
0,1,31,4,0,0,249,3,0.01,0.06,255,3,1.0,0,0,attack,0
0,1,40,4,0,0,190,4,0.02,0.07,255,4,1.0,0,0,attack,0
0,1,46,4,0,0,293,6,0.02,0.05,255,6,1.0,0,0,attack,0
0,1,52,4,0,0,136,8,0.06,0.07,255,5,1.0,0,0,attack,0
0,2,40,7,1,0,10,2,0.2,0.4,255,2,0.0,0,0,attack,0
0,1,40,4,0,0,283,16,0.06,0.06,255,2,1.0,0,0,attack,0
0,1,40,4,0,0,16,4,0.25,0.38,255,4,1.0,0,0,attack,0
0,1,11,4,0,0,213,1,0.0,0.05,255,1,1.0,0,0,attack,0
0,1,45,4,0,0,225,13,0.06,0.06,255,13,1.0,0,0,attack,0
0,1,20,7,233,1380,1,1,1.0,0.0,255,240,0.0,1,0,normal,1
12013,1,46,7,91,2396,1,1,1.0,0.0,255,46,0.0,1,0,normal,1
0,1,20,7,189,965,8,8,1.0,0.0,8,255,0.0,1,0,normal,1
0,1,40,4,0,0,92,2,0.02,0.08,255,19,1.0,0,0,attack,0
0,1,20,0,0,0,1,1,1.0,0.0,30,255,0.0,0,0,normal,1
0,1,18,7,0,848,2,2,1.0,0.0,2,2,0.0,0,0,attack,0
0,1,20,7,291,8903,8,9,1.0,0.0,238,255,0.0,1,0,normal,1
0,0,12,7,8,0,1,18,1.0,0.0,2,150,0.0,0,0,attack,0
0,1,41,4,0,0,20,20,1.0,0.0,122,138,1.0,0,0,attack,0
0,1,40,4,0,0,102,2,0.02,0.07,255,25,1.0,0,0,attack,0
0,1,20,7,54540,8314,5,5,1.0,0.0,98,98,0.0,1,1,attack,0
0,1,20,7,173,707,17,17,1.0,0.0,17,255,0.0,1,0,normal,1
0,1,20,0,0,0,290,20,0.07,0.06,255,20,0.0,0,0,attack,0
0,2,10,7,45,77,6,6,1.0,0.0,255,253,0.0,0,0,normal,1
0,0,12,7,8,0,1,32,1.0,0.0,2,86,0.0,0,0,attack,0
16885,1,37,3,1,0,2,2,1.0,0.0,255,2,0.0,0,0,attack,0
1,1,16,7,9,0,4,4,1.0,0.0,105,8,0.0,0,0,attack,0
0,1,40,0,0,0,2,1,0.5,1.0,255,1,0.0,0,0,attack,0
0,1,20,7,317,4613,1,5,1.0,0.0,132,255,0.0,1,0,normal,1
0,1,20,7,336,755,2,2,1.0,0.0,142,212,0.0,1,0,normal,1
0,1,20,7,281,757,1,8,1.0,0.0,35,255,0.0,1,0,normal,1
0,0,12,7,8,0,1,21,1.0,0.0,1,32,0.0,0,0,attack,0
0,1,9,7,48,487,67,1,0.01,0.03,255,2,0.0,1,0,normal,1
27,2,10,7,31,31,3,5,0.33,0.67,62,32,0.0,0,0,normal,1
0,1,1,4,0,0,230,1,0.0,0.07,255,1,1.0,0,0,attack,0
0,1,4,4,0,0,25,10,0.4,0.12,255,10,1.0,0,0,attack,0
0,1,30,4,0,0,201,1,0.0,0.06,255,15,1.0,0,0,attack,0
0,0,12,7,18,0,1,1,1.0,0.0,1,239,0.0,0,0,attack,0
0,1,20,7,288,535,12,40,1.0,0.0,255,255,0.0,1,0,normal,1
0,1,21,4,0,0,101,17,0.17,0.06,255,17,1.0,0,0,attack,0
0,1,19,4,0,0,295,18,0.06,0.06,255,6,1.0,0,0,attack,0
0,1,15,4,0,0,150,20,0.13,0.06,255,20,1.0,0,0,attack,0
1,1,16,7,7,312,1,1,1.0,0.0,207,9,0.0,0,0,normal,1
0,1,18,7,965,0,9,10,1.0,0.0,39,94,0.0,1,0,normal,1
0,2,10,7,46,46,44,124,1.0,0.0,255,225,0.0,0,0,normal,1
0,2,37,7,147,0,1,1,1.0,0.0,255,1,0.0,0,0,normal,1
0,1,20,7,303,2507,2,2,1.0,0.0,25,13,0.0,1,0,normal,1
0,0,12,7,8,0,1,17,1.0,0.0,2,206,0.0,0,0,attack,0
0,1,20,7,273,2098,9,9,1.0,0.0,46,255,0.0,1,0,normal,1
0,1,40,0,0,0,257,2,0.01,0.07,255,2,0.0,0,0,attack,0
0,1,20,0,0,0,1,2,1.0,0.0,31,255,0.0,0,0,normal,1
0,1,20,0,0,0,19,19,1.0,0.0,54,251,0.0,0,0,normal,1
0,1,6,4,0,0,289,23,0.08,0.05,255,23,1.0,0,0,attack,0
0,1,40,0,0,0,250,14,0.06,0.06,255,14,0.0,0,0,attack,0
0,1,20,7,203,1233,16,21,1.0,0.0,255,255,0.0,1,0,normal,1
0,1,20,4,0,0,23,13,0.52,0.09,183,52,1.0,0,0,attack,0
0,1,43,0,0,0,126,16,0.13,0.07,255,16,0.0,0,0,attack,0
0,2,10,7,44,128,73,153,1.0,0.0,255,252,0.0,0,0,normal,1
0,1,20,0,0,0,1,2,1.0,0.0,4,141,0.0,0,0,normal,1
0,1,2,4,0,0,269,19,0.07,0.05,255,19,1.0,0,0,attack,0
31301,1,40,3,1,0,2,2,1.0,0.0,255,2,0.0,0,0,attack,0
0,1,20,7,262,4816,8,8,1.0,0.0,99,255,0.0,1,0,normal,1
0,1,40,4,0,0,110,18,0.16,0.05,255,14,1.0,0,0,attack,0
0,1,23,4,0,0,287,14,0.05,0.06,255,14,1.0,0,0,attack,0
0,1,18,7,192,0,1,1,1.0,0.0,87,74,0.0,1,0,normal,1
0,1,20,7,302,560,19,19,1.0,0.0,19,255,0.0,1,0,normal,1
0,1,18,7,12,0,1,1,1.0,0.0,255,11,0.0,1,0,normal,1
0,1,20,7,376,14953,21,21,1.0,0.0,255,255,0.0,1,0,normal,1
0,1,41,4,0,0,11,6,0.55,0.36,255,6,1.0,0,0,attack,0
3,1,41,7,1046,334,1,1,1.0,0.0,164,247,0.0,1,0,normal,1
0,1,20,7,311,3222,6,6,1.0,0.0,255,248,0.0,1,0,normal,1
0,0,48,7,78,0,6,1,0.17,0.33,255,22,0.0,0,0,normal,1
0,2,10,7,122,44,272,271,1.0,0.01,161,128,0.0,0,0,normal,1
0,2,10,7,45,130,226,302,1.0,0.0,255,253,0.0,0,0,normal,1
0,1,20,7,209,526,9,9,1.0,0.0,255,255,0.0,1,0,normal,1
0,2,40,7,1,0,36,10,0.28,0.08,255,13,0.0,0,0,attack,0
0,1,20,0,0,0,1,1,1.0,0.0,33,255,0.0,0,0,normal,1
0,1,40,4,0,0,225,9,0.04,0.07,255,9,1.0,0,0,attack,0
0,1,40,3,0,0,1,1,1.0,0.0,233,1,0.0,0,0,attack,0
0,1,18,0,0,0,122,8,0.07,0.07,255,8,0.0,0,0,attack,0
0,1,18,7,641,0,2,2,1.0,0.0,57,43,0.0,0,0,normal,1
0,1,18,7,9198,0,1,1,1.0,0.0,20,46,0.0,1,0,normal,1
0,1,20,7,221,1788,14,14,1.0,0.0,15,255,0.0,1,0,normal,1
0,1,40,3,0,0,1,1,1.0,0.0,113,1,0.0,0,0,attack,0
0,1,30,4,0,0,60,3,0.05,0.1,255,3,1.0,0,0,attack,0
0,1,40,4,0,0,248,19,0.08,0.06,255,1,1.0,0,0,attack,0
9295,1,37,3,1,0,2,2,1.0,0.0,255,2,0.0,0,0,attack,0
22,1,0,3,3660,2016,2,2,1.0,0.0,6,6,0.0,1,0,normal,1
0,1,40,0,0,0,239,20,0.08,0.06,255,20,0.0,0,0,attack,0
1,1,41,7,895,327,1,3,1.0,0.0,169,144,0.0,1,0,normal,1
0,1,20,7,291,13599,17,17,1.0,0.0,255,255,0.0,1,0,normal,1
0,1,19,4,0,0,117,16,0.14,0.07,255,10,1.0,0,0,attack,0
0,1,23,4,0,0,267,20,0.07,0.06,255,20,1.0,0,0,attack,0
0,1,20,7,285,4065,7,7,1.0,0.0,7,255,0.0,1,0,normal,1
0,1,18,7,491,0,2,2,1.0,0.0,65,30,0.0,0,0,normal,1
0,1,20,7,305,1225,10,11,1.0,0.0,63,255,0.0,1,0,normal,1
0,0,13,7,1032,0,511,511,1.0,0.0,255,117,0.0,0,0,attack,0
0,1,18,4,0,0,267,5,0.02,0.06,255,7,1.0,0,0,attack,0
0,1,40,4,0,0,233,1,0.0,0.06,255,1,1.0,0,0,attack,0
0,1,41,7,2466,329,1,1,1.0,0.0,164,138,0.0,1,0,normal,1
0,1,20,0,0,0,1,1,1.0,0.0,3,253,0.0,0,0,normal,1
0,1,20,0,0,0,1,1,1.0,0.0,1,255,0.0,0,0,normal,1
0,1,45,4,0,0,109,5,0.05,0.06,255,7,1.0,0,0,attack,0
0,1,20,7,222,575,8,16,1.0,0.0,8,255,0.0,1,0,normal,1
0,1,20,7,221,1484,5,5,1.0,0.0,201,255,0.0,1,0,normal,1
0,1,20,7,325,2649,5,5,1.0,0.0,166,255,0.0,1,0,normal,1
0,1,20,7,232,584,1,1,1.0,0.0,20,255,0.0,1,0,normal,1
0,1,47,1,0,0,186,17,0.09,0.06,255,17,0.0,0,0,attack,0
0,1,20,7,192,2152,16,17,1.0,0.0,38,255,0.0,1,0,normal,1
0,1,20,7,334,1694,12,12,1.0,0.0,255,255,0.0,1,0,normal,1
4,1,20,0,0,0,1,1,1.0,0.0,176,144,0.0,0,0,normal,1
0,1,19,0,0,0,222,1,0.0,0.07,255,1,0.0,0,0,attack,0
0,1,18,4,0,0,265,1,0.0,0.06,255,1,1.0,0,0,attack,0
0,0,12,7,8,0,1,48,1.0,0.0,2,158,0.0,0,0,attack,0
0,0,12,7,8,0,1,35,1.0,0.0,1,173,0.0,0,0,attack,0
0,1,2,0,0,0,147,9,0.06,0.07,255,9,0.0,0,0,attack,0
63,2,36,7,48,48,1,1,1.0,0.0,3,4,0.0,0,0,normal,1
0,1,40,4,0,0,55,8,0.15,0.11,255,10,1.0,0,0,attack,0
0,1,24,4,0,0,113,16,0.14,0.07,255,5,1.0,0,0,attack,0
0,1,40,0,0,0,397,1,0.0,1.0,255,1,0.06,0,0,attack,0
0,1,20,7,206,622,6,7,1.0,0.0,255,255,0.0,1,0,normal,1
0,2,40,7,28,0,98,98,1.0,0.0,170,98,0.0,0,0,attack,0
9,1,20,7,54540,8314,5,5,1.0,0.0,8,8,0.0,1,1,attack,0
0,1,28,4,0,0,118,1,0.01,0.06,255,1,1.0,0,0,attack,0
0,1,20,3,54020,7300,7,7,1.0,0.0,255,255,0.0,1,0,attack,0
0,1,41,7,1235,404,1,4,1.0,0.0,25,179,0.0,1,0,normal,1
0,1,40,4,0,0,197,15,0.08,0.06,255,15,1.0,0,0,attack,0
0,1,52,4,0,0,272,6,0.02,0.06,255,6,1.0,0,0,attack,0
0,0,12,7,8,0,1,44,1.0,0.0,4,144,0.0,0,0,attack,0
0,2,10,7,42,42,5,8,1.0,0.0,35,32,0.0,0,0,normal,1
0,1,18,7,1010,0,2,2,1.0,0.0,11,7,0.0,1,0,normal,1
0,1,20,0,0,0,1,1,1.0,0.0,12,214,0.0,0,0,normal,1
0,1,18,4,0,0,43,10,0.23,0.09,255,64,1.0,0,0,attack,0
0,2,10,7,44,70,17,17,1.0,0.0,255,215,0.0,0,0,normal,1
0,1,20,7,221,313,21,21,1.0,0.0,255,255,0.0,1,0,normal,1
0,1,20,7,212,1448,8,10,1.0,0.0,167,255,0.0,1,0,normal,1
0,1,20,7,313,1220,11,11,1.0,0.0,56,255,0.0,1,0,normal,1
0,0,12,7,8,0,1,10,1.0,0.0,1,4,0.0,0,0,attack,0
0,1,40,4,0,0,294,18,0.06,0.05,255,14,1.0,0,0,attack,0
0,1,41,4,0,0,5,2,0.4,0.4,102,100,0.2,0,0,normal,1
0,0,13,7,1032,0,510,510,1.0,0.0,255,122,0.0,0,0,attack,0
0,1,20,7,238,3222,3,3,1.0,0.0,255,246,0.0,1,0,normal,1
0,1,40,4,0,0,211,12,0.06,0.07,255,17,1.0,0,0,attack,0
0,2,10,7,46,83,264,264,1.0,0.0,255,202,0.0,0,0,normal,1
0,1,33,4,0,0,213,18,0.08,0.07,255,18,1.0,0,0,attack,0
0,1,20,0,0,0,1,1,1.0,0.0,5,206,0.0,0,0,normal,1
2644,2,37,7,147,105,1,1,1.0,0.0,255,1,0.0,0,0,normal,1
0,1,20,7,224,2531,9,9,1.0,0.0,192,196,0.0,1,0,normal,1
0,1,40,4,0,0,87,7,0.08,0.07,255,13,1.0,0,0,attack,0
0,2,10,7,46,134,203,280,1.0,0.01,205,166,0.0,0,0,normal,1
0,1,20,7,230,1713,9,9,1.0,0.0,25,255,0.0,1,0,normal,1
17,1,37,3,0,0,1,1,1.0,0.0,255,1,0.0,0,0,attack,0
0,1,20,7,224,477,24,37,1.0,0.0,134,255,0.0,1,0,normal,1
0,1,20,0,0,0,1,1,1.0,0.0,61,2,0.0,0,0,attack,0
0,1,20,7,214,865,21,21,1.0,0.0,26,255,0.0,1,0,normal,1
0,0,13,7,1032,0,511,511,1.0,0.0,255,171,0.0,0,0,attack,0
0,1,18,7,172,0,1,1,1.0,0.0,7,7,0.0,1,0,normal,1
0,1,20,7,323,2592,31,34,1.0,0.0,255,255,0.0,1,0,normal,1
0,1,16,7,7,141,1,1,1.0,0.0,1,9,0.0,0,0,normal,1
0,1,40,0,0,0,244,8,0.03,0.06,255,8,0.0,0,0,attack,0
0,1,20,7,295,282,13,31,1.0,0.0,255,255,0.0,1,0,normal,1
